63505;rp_n80_p0.60_s2.txt;50948
63505;rp_n80_p0.60_s2.txt;50948
63505;rp_n80_p0.60_s2.txt;50948
63505;rp_n80_p0.60_s2.txt;50948
63505;rp_n80_p0.60_s2.txt;50948
63505;rp_n80_p0.60_s2.txt;50948
63505;rp_n80_p0.60_s2.txt;50948
63505;rp_n80_p0.60_s2.txt;50948
63505;rp_n80_p0.60_s2.txt;50948
63505;rp_n80_p0.60_s2.txt;50948
63505;rp_n80_p0.60_s2.txt;50948
63505;rp_n80_p0.60_s2.txt;50948
63505;rp_n80_p0.60_s2.txt;50948
63505;rp_n80_p0.60_s2.txt;50948
63505;rp_n80_p0.60_s2.txt;50948
63505;rp_n80_p0.60_s2.txt;50948
63505,rp_n80_p0.60_s2.txt,50948
