44844;323
48259;323
48903;323
42408;323
48388;323
53256;323
48461;323
48895;323
49208;323
51021;323
53389;323
42150;323
54782;323
49015;323
41587;323
49824;323
55428;323
55081;323
48871;323
56895;323
48280;323
50244;323
51051;323
48650;323
41083;323
50401;323
46637;323
43871;323
44020;323
57339;323
49147;323
45018;323
46295;323
41372;323
42363;323
47991;323
41372;323
51258;323
46238;323
50537;323
43808;2816
42427;2816
45236;2816
46257;2816
50139;2816
43833;2816
38291;2816
50300;2816
38727;2816
50227;2816
43269;2816
57305;2816
57020;2816
54021;2816
57365;2816
45205;2816
43822;2816
43776;2816
45015;2816
50300;2816
48350;2816
39755;2816
49467;2816
38374;2816
41453;2816
51911;2816
48072;2816
43389;2816
43080;2816
49566;2816
52230;2816
55858;2816
58665;2816
43961;2816
41037;2816
48147;2816
37666;2816
39519;2816
50670;2816
52768;2816
40312;2816
52411;2816
48098;2816
32023;2816
37343;2816
42580;2816
46216;2816
55561;2816
46546;2816
47501;2816
48288;2816
51907;2816
47597;2816
45233;2816
55784;2816
35732;2816
40313;2816
42811;2816
54793;2816
43031;2816
54930;2816
50405;2816
61874;2816
49751;2816
48893;2816
48505;2816
39191;2816
40676;2816
47462;2816
47524;2816
47473;2816
54770;2816
52889;2816
52371;2816
45629;2816
45801;2816
35397;2816
44143;2816
41936;2816
50710;2816
48398;2816
47722;2816
44130;2816
52595;2816
44227;2816
45651;2816
44860;2816
48103;2816
43596;2816
50162;2816
49160;2816
47777;2816
49263;2816
40845;2816
40162;2816
42307;2816
54731;2816
41798;2816
50761;2816
49108;2816
48906;2816
44013;2816
53517;2816
59291;2816
33578;2816
47277;2816
42544;2816
58036;2816
57389;2816
41932;2816
44841;2816
44504;2816
55451;2816
53309;2816
47881;2816
48188;2816
34084;2816
51014;2816
46317;2816
43109;2816
51895;2816
33078;2816
55251;2816
35941;2816
43107;2816
43640;2841
54409;2841
44445;2841
41691;2841
48039;2841
54521;2841
36973;2841
46223;2841
50953;2841
42136;2841
49276;2841
43483;2841
34440;2841
46469;2841
35914;2841
45410;2841
36182;2841
36657;2841
51780;2841
44892;2841
43629;2841
37441;2841
46081;2841
49999;2841
38040;2841
38303;2841
50836;2841
42090;2841
47932;2841
37516;2841
38363;2841
44754;2841
48501;2841
42958;2841
43768;2841
37594;2841
36563;2884
40873;2884
49013;2884
53624;2884
52712;2884
38838;2884
43497;2884
52014;2884
38928;2884
49932;2884
43306;2884
44662;2884
42910;2884
47884;2884
55708;2884
43623;2884
54500;2884
53917;2884
55129;2884
58156;2884
37386;2884
47942;2884
46424;2884
48328;3017
58118;3017
55929;3017
38100;3017
56314;3017
49823;3017
54619;3017
54762;3017
50919;3017
55646;3017
49551;3017
50145;3017
60357;3017
40819;3017
48684;3017
43420;3017
52214;3017
53273;3017
50005;3017
53146;3017
59571;3017
45973;3017
54374;3017
45736;3017
45580;3017
50015;3017
44252;3017
44776;3017
49802;3017
52008;3017
49009;3017
48747;3017
41795;3017
37063;3017
53658;3017
52183;3017
51715;3017
49593;3017
55042;3017
55083;3017
47578;3017
54237;3017
49921;3017
39962;3017
46116;3017
65411;3017
53445;3017
55028;3017
55840;3017
58922;3017
62119;3017
49429;3017
49378;3017
56802;3017
49534;3017
50790;3017
55043;3017
46870;3017
43153;3017
50694;3017
54625;3017
55739;3017
49434;3017
58949;3017
53699;3017
50466;3017
43077;3017
53382;3017
57104;3017
55873;3017
55969;3017
46513;3017
36450;3017
46350;3017
53351;3017
52614;3017
55201;3017
41638;3017
40675;3017
36429;3017
46305;3017
48583;3017
43943;3017
43329;3017
39334;3017
47097;3017
64738;3017
50397;3017
54762;3017
39450;3017
41033;3017
44947;3017
53254;3017
45713;3017
39933;3017
42350;3017
58091;3017
53245;3017
49694;3017
49484;3017
45413;3017
52941;3017
45068;3017
47006;3017
53553;3017
51921;3017
55296;3017
46756;3017
55616;3017
53448;3017
46850;3017
45046;3017
52677;3017
40593;3017
45698;3017
56371;3017
54574;3017
63719;3017
46868;3017
47065;3029
46264;3029
45034;3029
52487;3029
48564;3029
44400;3029
54285;3029
53631;3029
45157;3029
35134;3029
38407;3029
43591;3029
52982;3029
49016;3029
47762;3029
32717;3029
58032;3029
53254;3029
51205;3029
42324;3029
48424;3029
48999;3029
52503;3029
45791;3029
38853;3029
42339;3029
49502;3029
49160;3029
41683;3029
35288;3029
49227;3029
40419;3029
47540;3029
46183;3029
51485;3029
43483;3029
39647;3029
49700;3042
55642;3042
49114;3042
41343;3042
47009;3042
45892;3042
52320;3042
45351;3042
50647;3042
46628;3042
45819;3042
38500;3042
43464;3042
48284;3042
42876;3042
58915;3042
48230;3042
48851;3042
38643;3042
48200;3042
39928;3042
38889;3042
44363;3042
45097;3042
52517;3042
57624;3042
45486;3042
48175;3042
52383;3044
55883;3044
51323;3044
64765;3044
56473;3044
48235;3044
49078;3044
58708;3044
49952;3044
45974;3044
55837;3044
47093;3044
54008;3044
60698;3044
57593;3044
63065;3044
56272;3044
51563;3044
48676;3044
39149;3044
54082;3044
57242;3044
65363;3044
45400;3044
59028;3044
48057;3044
54950;3044
57428;3044
50793;3044
50621;3044
57765;3044
53254;3044
55334;3044
46981;3044
51337;3044
48125;3044
50591;3044
57349;3044
41592;3044
51492;3044
54520;3044
50127;3044
47552;3044
51689;3044
35727;3044
50655;3044
47762;3044
49694;3044
49573;3044
41724;3044
45099;3044
53581;3044
50974;3044
55134;3044
58346;3044
50618;3044
42155;3044
54027;3044
43167;3044
51551;3044
47630;3044
55712;3044
53042;3044
45050;3044
51840;3044
41304;3044
51472;3044
42295;3044
65175;3044
48378;3044
64661;3044
49510;3044
52209;3044
48218;3044
59461;3044
38772;3044
47274;3044
38812;3044
49763;3044
62167;3044
54977;3044
65109;3044
59442;3044
48943;3044
56205;3044
42133;3044
54447;3044
39752;3044
55829;3044
60315;3044
58450;3044
58073;3044
49750;3044
43835;3044
54639;3044
54873;3044
50084;3044
50409;3044
60940;3044
53987;3044
60369;3044
63986;3044
57653;3044
63955;3044
38638;3044
50498;3044
44480;3044
57429;3044
42357;3044
50099;3044
58226;3044
47109;3044
45845;3044
61448;3044
52356;3044
65012;3044
50581;3044
51716;3044
51065;3044
56597;3044
55978;3044
51000;3044
43695;3044
49304;3044
51820;3044
58228;3044
47646;3044
55269;3044
56558;3044
50333;3044
52807;3044
56379;3044
54169;3072
50697;3072
41735;3072
51620;3072
43637;3072
38233;3072
52226;3072
47732;3072
58068;3072
52231;3072
48026;3072
40690;3072
47721;3072
41854;3072
44591;3072
36809;3072
50498;3072
39525;3072
49760;3072
50262;3072
52936;3085
55337;3085
46857;3085
45099;3085
54718;3085
48663;3085
51703;3085
56375;3085
48675;3085
58910;3085
56463;3085
57647;3085
55235;3085
51530;3085
44444;3085
52486;3085
40452;3085
48689;3085
44030;3085
53704;3104
34851;3104
40751;3104
31040;3104
34263;3104
43478;3104
61266;3245
56139;3245
66707;3245
59443;3245
67324;3245
52693;3245
47603;3245
54509;3245
43572;3245
52274;3245
64168;3245
49573;3245
53382;3245
53919;3245
54384;3245
52444;3245
55038;3245
56941;3245
53678;3245
48684;3245
58384;3245
41393;3245
62230;3245
59105;3245
67319;3245
58254;3245
53048;3245
47112;3245
50538;3245
66603;3245
61179;3245
45708;3245
51573;3245
58687;3245
48591;3245
59138;3245
52654;3245
44516;3245
40112;3245
62623;3245
52059;3245
52082;3245
53764;3245
52561;3245
51951;3245
49852;3245
38411;3245
57720;3245
47108;3245
56180;3245
59220;3245
54665;3245
57516;3245
50451;3245
53176;3245
54897;3245
52162;3245
62433;3245
50835;3245
59568;3245
51709;3245
55296;3245
49745;3245
59761;3245
54641;3245
56533;3245
52907;3245
58781;3245
51961;3245
60894;3245
64842;3245
52575;3245
61446;3245
56901;3245
47567;3245
59720;3245
62682;3245
57614;3245
52186;3245
41958;3245
62399;3245
56907;3245
60987;3245
53049;3245
63581;3245
50593;3245
62387;3245
52049;3245
51143;3245
61392;3245
53150;3245
49343;3245
52717;3245
50417;3245
62301;3245
57693;3245
62250;3245
63780;3245
52936;3245
63839;3245
55631;3245
55314;3245
50509;3245
47293;3245
49676;3273
54064;3273
57860;3273
51139;3273
64197;3273
60367;3273
58270;3273
53301;3273
52355;3273
58478;3273
58130;3273
54588;3273
44877;3273
51927;3273
54518;3273
57601;3273
44432;3273
54089;3273
48513;3273
48145;3305
39100;3305
48530;3305
40855;3305
41243;26478
52890;26478
40871;26478
50878;26478
39982;26478
35811;26478
36569;26478
49561;26478
43457;26478
45784;26478
42685;26478
49898;26478
40561;26478
43693;26478
33359;26478
30637;26478
37413;26478
36140;26478
45673;26478
41129;26478
49093;26478
47727;26478
50331;26478
47836;26478
48497;26478
46031;26478
47464;26478
40558;26478
41796;26478
51264;26478
46944;26478
38618;26478
48936;26478
40903;26478
36553;26478
39387;26478
48458;26478
35548;26478
39797;26478
46976;26687
50483;26687
37964;26687
39200;26687
42012;26687
54062;26687
46412;26687
40463;26687
49724;26687
42224;26687
36892;26687
38380;26687
36640;26687
52900;26687
38815;26687
40635;26687
54501;26687
48605;26687
42129;26687
32653;26687
44868;26687
40798;26687
47175;26687
42987;26687
31605;26687
38513;26687
41434;26687
50540;26687
48847;26687
50560;26687
45172;26826
49199;26826
48305;26826
49166;26826
39002;26826
48788;26826
49440;26826
40788;26826
50803;26826
43640;26826
48191;26826
59907;26826
52688;26826
49213;26826
38515;26826
45322;26826
61888;26826
52433;26826
59950;26826
34222;26826
52228;26826
46795;26826
53128;26826
36280;26826
52705;26826
47601;26826
46593;26826
44045;26826
39801;26826
36307;26826
53354;26826
42893;26826
45432;26826
40716;26826
54678;26826
45189;26826
41372;26885
36632;26885
42931;26885
41879;26885
36046;26885
32238;26885
37349;26885
41444;26885
49774;26885
47380;27035
35400;27035
57405;27035
45600;27035
48177;27035
49667;27035
48586;27035
47668;27035
49920;27035
48260;27035
46728;27035
46252;27035
49594;27035
51241;27035
57229;27035
49027;27035
51534;27035
47091;27035
55572;27035
49118;27035
43535;27035
53123;27035
34024;27035
40206;27035
43542;27035
42786;27035
45168;27035
44603;27035
54939;27035
45689;27035
50538;27035
44452;27035
48454;27035
49259;27035
44419;27035
46431;27035
48824;27035
45508;27035
46975;27035
49147;27035
44151;27035
58906;27035
39657;27035
56664;27035
45640;27094
43258;27094
44042;27094
43864;27094
41209;27094
43445;27094
39744;27094
33841;27094
44819;27094
45441;27094
40971;27233
36843;27233
40324;27233
47528;27233
43568;27233
50014;27233
45856;27233
46071;27233
36855;27233
53938;27233
42656;27233
46729;27233
52217;27233
40899;27233
49782;27233
44588;27233
47142;27233
51940;27233
54155;27233
48452;27233
46972;27233
50251;27233
45807;27233
33676;27442
57064;27442
40287;27442
38172;27442
56971;27442
53945;27442
44594;27442
40535;27442
42270;27442
56334;27442
51255;27951
43371;27951
40481;27951
40359;27951
47479;27951
46372;27951
48737;27951
44488;27951
36896;27951
45414;27951
38447;27951
47951;27951
40908;27951
54290;27951
46942;27951
52835;27951
38507;27951
49894;27951
53351;27951
47325;27951
50183;27951
48430;27951
41504;27951
52855;27951
44228;27951
37768;27951
37177;27951
53084;27951
39189;27951
44575;27951
48553;27951
50657;27951
41244;27951
56945;27951
41598;27951
40664;27951
47931;27951
48617;27951
36045;27951
50164;27951
35569;27951
53300;27951
52538;27951
47931;27951
46482;27951
50842;27951
61104;27951
49856;27951
54219;27951
51690;27951
50992;27951
47024;27951
48896;27951
47414;27951
49039;27951
48377;27951
40780;27951
44997;27951
50604;27951
46673;27951
43337;27951
55738;27951
48390;27951
45792;27951
41515;27951
45136;27951
49393;27951
36540;27951
57001;27951
37844;27951
45625;27951
47053;27951
53165;27951
60128;27951
58022;27951
37097;27951
49550;27951
48842;27951
46182;27951
52807;27951
57352;27951
49401;27951
48102;27951
49986;27951
44320;27951
49715;27951
48870;27951
44145;27951
57755;27951
45657;27951
55488;27951
41651;27951
50191;27951
52100;27951
39570;27951
48419;27951
45567;27951
44046;27951
51290;27951
44437;27951
54584;27951
48166;27951
50028;27951
43227;27951
39356;27951
51895;27951
42614;27951
33878;27951
53930;27951
51736;27951
38455;27951
51845;27951
54237;28299
56042;28299
49906;28299
50751;28299
46670;28299
48309;28299
46789;28299
53551;28299
52919;28299
40768;28299
50882;28299
57228;28299
40207;28299
51877;28299
58491;28299
54151;28299
50631;28299
50895;28299
42823;28299
35191;28299
56819;28299
46749;28299
61731;28299
44090;28299
38672;28299
60044;28299
51785;28299
61790;28299
52145;28299
66940;28299
58231;28299
50106;28299
56343;28299
59738;28299
43887;28299
46072;28299
44057;28299
33592;28299
43997;28299
52915;28299
55277;28299
56933;28299
53338;28299
45916;28299
39414;28299
54196;28299
49475;28299
42034;28299
58248;28299
53945;28299
47711;28299
44913;28299
51963;28299
54939;28299
52339;28299
54917;28299
52337;28299
44541;28299
55539;28299
51436;28299
56269;28299
45679;28299
57823;28299
61272;28299
55071;28299
50888;28299
56974;28299
55776;28299
51053;28299
48600;28299
53365;28299
48751;28299
58388;28299
57707;28299
43010;28299
54641;28299
48768;28299
48202;28299
62304;28299
58144;28299
50999;28299
54810;28299
51794;28299
52690;28299
55140;28299
43997;28299
60375;28299
60220;28299
50228;28299
53685;28299
53157;28299
48718;28299
56092;28299
50903;28299
49548;28299
42085;28299
55223;28299
44771;28299
56040;28299
45610;28299
58487;28299
54478;28299
44644;28299
57101;28299
55659;28299
39628;28299
51441;28299
58279;28299
57957;28299
58038;28299
54081;28299
43465;28299
58919;28299
49806;28299
41877;28299
42854;28299
34726;28299
43597;28299
43650;28299
49844;28299
54620;28299
57684;28299
53248;28299
52666;28299
53267;28299
42437;28358
40420;28358
37255;28358
45499;28358
50945;28358
41054;28358
49314;28358
45202;28358
42302;28358
41426;28358
43291;28358
35251;28358
32718;28358
46877;28358
42584;28358
43215;28358
35690;28358
44249;28358
39004;28358
44423;28358
41678;28358
43886;28358
39774;28358
42237;28358
39514;28358
49045;28358
49136;28358
46912;28358
48854;28358
54117;28488
51814;28488
49079;28488
45436;28488
42739;28488
43814;28488
41735;28488
46089;28488
45770;28488
40768;28488
44662;28488
46018;28488
42589;28488
44479;28488
52641;28488
47130;28488
41473;28488
41701;28488
45794;28488
45566;28488
48314;28488
61158;28488
47685;28488
50008;28488
48914;28488
43522;28488
49382;28488
41905;28488
49055;28488
44230;28488
48495;28492
52349;28492
34355;28492
50149;28492
53126;28492
48685;28492
36694;28492
51520;28492
40424;28492
44440;28492
55990;28492
48472;28492
43154;28492
46344;28492
42300;28492
49788;28492
40218;28492
46848;28508
43051;28508
48258;28508
46807;28508
54539;28508
50074;28508
44776;28508
58126;28508
58767;28508
40353;28508
53068;28508
44924;28508
57268;28508
43171;28508
51684;28508
47747;28508
48441;28508
53361;28508
50573;28508
49074;28508
45191;28508
52461;28508
45064;28508
63006;28508
56275;28508
49610;28508
48448;28508
47492;28508
63533;28508
60234;28508
57446;28508
38219;28508
47750;28508
43408;28508
66870;28508
55542;28508
61061;28508
65680;28508
58104;28508
52862;28508
54831;28508
49628;28508
45840;28508
49811;28508
48770;28508
59444;28508
50963;28508
39288;28508
45878;28508
50418;28508
39543;28508
55016;28508
47899;28508
52908;28508
53216;28508
53889;28508
51946;28508
47948;28508
45272;28508
47939;28508
44206;28508
45339;28508
54816;28508
67319;28508
59440;28508
44717;28508
53449;28508
44951;28508
57062;28508
57007;28508
41996;28508
45011;28508
52865;28508
54742;28508
52802;28508
48852;28508
45426;28508
48139;28508
60710;28508
41532;28508
40974;28508
58253;28508
61571;28508
54523;28508
38949;28508
61280;28508
50435;28508
57596;28508
46328;28508
53746;28508
52092;28508
42745;28508
53285;28508
40349;28508
56422;28508
49925;28508
53272;28508
48945;28508
51112;28508
52573;28508
41106;28508
59216;28508
51530;28508
45153;28508
51623;28508
43796;28508
53149;28508
56731;28508
46404;28508
59068;28508
45141;28567
49262;28567
38907;28567
54367;28567
37168;28567
53700;28567
42917;28567
55573;28567
51621;28567
41762;28567
50008;28567
38224;28567
50909;28567
45522;28567
43650;28567
42104;28567
49954;28567
48689;28567
49200;28567
48000;28567
33776;28567
37622;28567
39896;28567
49417;28567
40860;28567
34835;28567
52457;28567
49874;28567
41458;28567
48783;28567
39585;28619
53362;28619
43433;28619
38920;28619
41497;28619
34961;28619
40220;28619
52234;28619
40466;28619
38608;28619
47529;28619
47962;28619
41342;28619
53190;28619
37303;28619
49386;28619
42705;28619
48011;28619
41317;28619
43628;28619
45285;28619
43609;28619
52378;28619
38154;28619
36497;28619
44347;28619
59427;28619
42533;28619
47902;28619
45917;28697
45474;28697
40936;28697
58624;28697
37768;28697
44700;28697
54339;28697
53348;28697
50256;28697
55894;28697
52452;28697
49633;28697
34756;28697
42510;28697
47998;28697
42964;28697
46342;28697
44546;28697
50973;28697
55878;28697
57777;28697
47018;28697
48707;28697
38897;28697
39261;28697
39365;28697
47973;28697
35243;28697
39663;28697
41410;28697
41610;28697
38052;28697
47194;28697
44487;28697
38573;28697
50994;28701
51406;28701
47267;28701
44827;28701
48037;28701
38811;28701
40234;28701
43252;28701
42289;28701
55494;28701
43632;28701
44449;28701
50203;28701
39360;28701
49212;28701
47282;28701
55878;28706
45752;28706
43142;28706
50245;28706
43657;28706
49298;28706
38009;28706
38769;28706
45368;28706
47748;28706
63849;28706
43918;28706
48888;28706
56157;28706
53183;28706
53480;28706
48621;28706
49158;28706
42571;28706
47888;28706
46614;28706
43677;28706
44574;28706
48453;28706
50391;28706
45504;28706
55228;28706
44827;28706
45342;28706
42490;28706
63170;28706
48109;28758
50872;28758
40631;28758
57888;28758
38364;28758
38964;28758
50534;28758
36806;28758
52841;28758
45025;28758
53308;28758
46936;28758
48797;28758
41029;28758
50409;28758
47973;28758
40215;28758
42163;28758
38338;28758
51159;28758
50603;28758
47636;28758
57872;28758
39385;28758
41959;28758
41472;28758
58334;28758
45507;28758
45289;28758
60458;28758
43094;28758
50863;28758
43239;28817
39625;28817
33137;28817
38840;28817
48250;28817
44776;28817
47908;28817
40928;28817
36132;28836
55172;28836
47387;28836
56093;28836
47991;28836
48546;28836
55315;28836
49511;28836
56378;28836
50960;28836
51277;28836
62663;28836
40366;28836
46327;28836
44776;28836
55374;28836
51809;28836
45753;28836
43074;28836
52430;28836
51009;28836
48055;28836
57892;28836
46578;28836
55577;28836
57517;28836
57433;28836
49122;28836
49441;28836
47964;28836
48266;28836
53512;28836
42285;28836
63332;28836
47347;28895
46108;28895
48398;28895
54616;28895
36067;28895
33663;28895
39667;28895
50503;28895
57671;28895
46681;28899
38869;28899
34686;28899
41198;28899
43815;28899
50901;28915
49353;28915
42316;28915
54649;28915
44487;28915
53211;28915
45871;28915
57153;28915
49695;28915
45993;28915
58189;28915
41661;28915
51889;28915
52408;28915
43846;28915
42201;28915
54674;28915
51051;28915
37810;28915
50168;28915
42784;28915
46464;28915
57832;28915
53270;28915
51752;28915
53438;28915
48394;28915
48109;28915
53293;28915
53128;28915
49981;28915
42882;28915
39082;28915
51249;28915
54834;28915
47164;28915
49120;28915
46550;28915
43609;28915
48703;28915
40632;28915
60255;28915
42168;28967
41993;28967
49825;28967
42594;28967
51120;28967
40237;28967
60315;28967
49085;28967
47140;28967
46798;28967
53719;28967
43513;28967
49022;28967
54905;28967
42391;28967
50038;28967
41549;28967
50869;28967
49976;28967
42334;28967
61057;28967
41040;28967
47725;28967
63464;28967
53288;28967
51159;29026
39743;29026
42731;29026
47961;29026
45930;29026
48943;29026
53886;29026
49041;29026
50121;29045
50011;29045
52396;29045
39930;29045
42961;29045
60479;29045
42305;29045
63275;29045
51737;29045
49286;29045
49548;29045
45325;29045
44983;29045
45783;29045
63228;29045
54291;29045
35862;29045
51823;29045
42571;29045
46564;29045
56295;29045
61900;29045
63122;29045
57287;29045
52213;29045
52053;29045
55869;29045
42741;29045
52459;29045
57747;29045
45352;29045
47734;29045
49266;29045
54547;29045
48373;29045
64054;29045
43641;29045
44005;29045
43095;29045
58373;29045
52268;29045
63568;29045
53085;29049
42513;29049
57009;29049
55604;29049
47198;29049
59356;29049
54131;29049
54124;29049
38629;29049
42447;29049
54823;29049
44111;29049
52391;29049
39309;29049
39212;29049
58594;29049
44961;29049
43854;29049
44190;29104
43178;29104
50629;29104
55081;29104
49799;29104
51534;29104
52385;29104
56047;29104
55197;29104
45205;29104
44758;29104
46960;29108
43996;29108
43178;29108
37395;29108
35840;29108
41749;29108
40077;29108
35282;29108
34431;29108
53633;29165
50046;29165
51526;29165
39596;29165
36735;29165
48832;29165
46025;29243
40020;29243
42834;29243
49472;29243
57346;29243
48429;29243
46572;29243
51965;29243
44579;29243
48856;29243
38108;29243
47589;29243
42373;29243
50228;29243
43615;29243
46147;29243
39911;29243
36298;29247
47937;29247
47871;29247
46500;29247
48104;29247
53903;29374
51449;29374
44207;29374
40352;29374
37342;29374
50254;29374
41776;29374
39843;29374
43498;29452
50961;29452
48455;29452
53497;29452
47931;29452
52955;29452
51037;29452
44427;29452
47678;29452
38480;29452
43305;29452
49917;29452
55342;29452
52867;29452
50452;29456
54248;29456
40883;29456
40590;29456
40533;29456
52269;29456
53650;29456
46608;29456
50714;29456
54083;29456
39770;29456
52032;29456
45782;29456
36310;29883
47844;29883
40493;29883
51290;29883
48016;29883
45355;29883
39604;29883
37555;29883
57437;29883
49346;29883
47820;29883
47002;29883
46975;29883
52990;29883
41730;29883
47554;29883
38142;29883
45360;29883
51415;29883
41476;29883
48953;29883
51046;29883
48405;29883
58087;29883
45046;29883
47019;29883
56169;29883
46429;29883
42854;29883
48475;29883
46060;29883
47805;29883
56115;29883
56771;29883
49318;29883
44336;29883
46160;29883
52586;29883
44993;29883
45534;29883
41154;29883
42734;29883
54399;29883
53928;29883
38588;29883
42636;29883
44878;29883
51074;29883
44438;29883
49402;29883
48005;29883
54360;29883
48141;29883
49708;29883
44035;29883
43064;29883
49281;29883
59747;29883
49706;29883
46566;29883
37718;29883
52242;29883
52532;29883
50395;29883
52184;29883
38085;29883
52679;29883
49726;29883
47324;29883
54832;29883
44445;29883
57676;29883
54663;29883
48335;29883
46429;29883
42261;29883
57475;29883
41554;29883
45213;29883
49770;29883
49606;29883
48011;29883
50782;29883
55780;29883
42127;29883
57932;29883
54927;29883
58011;29883
41486;29883
47635;29883
41270;29883
49229;29883
44588;29883
52228;29883
45964;29883
57272;29883
46969;29883
47915;29883
44843;29883
48641;29883
44388;29961
46610;29961
41079;29961
56935;29961
49961;29961
46729;29961
49817;29961
52897;29961
45752;29961
46977;29961
51285;29961
41302;29961
46945;29961
58544;29961
45136;29961
32973;29961
54695;29961
49613;29961
43993;29961
51746;29961
45550;29961
41918;29961
50022;29961
46593;29961
51188;29961
43620;29961
45751;29961
55216;29961
52134;29961
52796;29961
46427;29961
44015;29961
65923;29961
56559;29961
54957;29961
58184;29961
48572;29961
49630;29961
40205;29961
49716;29961
48579;29961
38911;29961
52594;29961
53610;29961
48446;29961
58541;29961
56717;29961
43959;29961
49529;29961
58119;29961
56026;29961
58422;29961
48253;29961
49837;29961
57037;29961
44523;29961
60359;29961
45267;29961
49132;29961
47946;29961
53556;29961
54667;29961
44212;29961
55156;29961
52368;29961
46357;29961
49556;29961
44391;29961
51144;29961
61435;29961
52037;29961
41377;29961
45839;29961
50971;29961
48769;29961
49860;29961
48314;29961
49425;29961
53953;29961
36289;29961
67181;29961
44008;29961
52419;29961
40569;29961
43958;29961
42207;29961
42056;29961
60030;29961
57466;29961
50838;29961
37323;29961
48877;29961
46818;29961
59352;29961
56671;29961
45539;29961
58180;29961
53888;29961
54809;29961
53423;29961
51022;29961
56935;29961
35132;29961
47385;29961
54794;29961
41134;29961
57772;29961
56483;29961
57932;29961
46911;29961
40590;29961
54987;29961
42795;29961
54142;29961
61435;29961
47682;29961
44228;29961
47595;29961
50514;29961
51943;29961
41631;29965
48669;29965
50858;29965
41103;29965
45924;29965
59401;29965
43744;29965
35364;29965
50787;29965
50119;29965
43730;29965
54298;29965
47114;29965
54186;29965
48959;29965
42412;29965
48205;29965
46337;29965
53063;29965
56309;29965
43638;29965
51468;29965
46053;29965
47977;29965
43582;29965
43600;29965
41407;29965
57476;29965
54112;29965
47898;29965
42839;29965
49740;29965
43560;29965
52271;29965
54287;29965
44929;29965
46987;29965
42557;29965
52226;29965
50045;29965
46177;29965
52224;29965
46112;29965
36694;29965
44908;29965
53679;29965
41275;29965
46702;29965
54761;29965
44481;29965
43378;29965
53063;29965
51204;29965
49129;29965
49066;29965
49863;29965
41751;29965
54154;29965
54361;29965
48592;29965
46078;29965
46083;29965
44359;30092
42826;30092
37231;30092
45800;30092
54365;30092
48945;30092
44580;30092
45498;30092
47437;30092
52890;30092
38337;30092
51429;30092
40172;30092
46248;30092
43005;30092
37209;30092
47114;30092
44022;30092
37013;30092
45296;30092
46435;30092
58281;30092
46500;30092
53579;30092
50350;30092
39462;30092
48529;30092
54287;30092
50472;30092
45686;30092
44060;30092
48728;30092
49782;30092
47477;30092
56601;30092
46309;30092
55802;30092
43929;30092
49565;30092
51743;30092
51466;30092
53639;30092
36985;30092
44803;30092
49766;30092
48362;30092
34588;30092
55823;30092
54242;30092
38693;30092
43027;30092
46128;30092
59123;30092
60684;30092
45810;30092
55968;30092
43027;30092
55656;30092
47953;30092
48129;30092
41357;30092
46110;30092
61667;30092
51762;30092
49138;30092
62605;30092
54663;30092
48308;30092
38485;30092
50971;30092
50193;30092
48144;30092
51939;30092
54365;30092
48153;30092
50117;30092
46798;30092
36037;30092
48329;30092
50030;30092
43624;30092
58113;30092
53364;30092
49917;30092
59130;30092
53481;30092
56074;30092
51623;30092
41981;30092
50492;30092
48341;30092
49598;30092
43821;30092
54368;30092
48962;30092
47991;30092
47426;30092
63900;30092
41703;30092
38776;30092
48054;30092
50881;30092
44451;30092
53502;30092
35433;30092
39011;30092
47478;30092
51617;30092
44018;30092
42926;30092
41872;30174
53377;30174
58600;30174
43267;30174
43472;30174
52130;30174
40628;30174
47396;30174
50881;30174
51098;30174
47119;30174
56465;30174
49954;30174
48754;30174
48459;30174
49820;30174
43527;30174
56256;30174
47147;30174
41514;30174
46753;30174
53104;30174
40536;30174
45176;30174
55931;30174
49743;30174
53955;30174
51148;30174
46859;30174
46705;30174
53779;30174
49562;30174
43824;30174
53440;30174
47947;30174
39685;30174
49653;30174
42398;30174
45571;30174
47970;30174
52768;30174
44166;30174
44792;30174
41397;30174
38315;30174
43442;30174
45668;30174
43419;30174
48946;30174
52503;30174
52130;30174
40184;30174
54078;30174
54833;30174
52835;30174
53401;30174
46966;30174
45242;30174
50055;30174
52926;30174
49084;30174
56253;30174
43681;30174
45710;30174
42324;30174
50369;30231
54352;30231
43210;30231
57773;30231
37663;30231
52254;30231
57799;30231
56313;30231
55750;30231
61963;30231
43497;30231
43332;30231
40496;30231
65808;30231
45587;30231
51570;30231
47968;30231
51410;30231
57932;30231
57529;30231
59826;30231
47766;30231
43530;30231
46889;30231
52018;30231
48761;30231
52557;30231
54921;30231
52280;30231
69864;30231
45251;30231
44525;30231
46047;30231
48460;30231
50757;30231
56151;30231
51295;30231
61221;30231
56854;30231
49597;30231
58396;30231
48232;30231
41445;30231
51323;30231
56020;30231
46744;30231
57584;30231
45416;30231
53896;30231
58703;30231
45568;30231
62259;30231
50641;30231
50392;30231
51202;30231
68558;30231
56765;30231
47861;30231
44821;30231
47230;30231
56639;30231
52128;30231
61277;30231
49964;30231
56186;30231
50261;30231
49468;30231
50637;30231
62302;30231
52229;30231
53064;30231
56933;30231
62562;30231
53710;30231
46506;30231
57631;30231
42240;30231
45143;30231
48725;30231
47841;30231
51244;30231
52356;30231
54309;30231
45727;30231
42304;30231
59007;30231
41406;30231
47283;30231
45587;30231
49229;30231
51482;30231
43530;30231
46394;30231
47043;30231
52502;30231
48142;30231
62777;30231
48573;30231
52620;30231
49526;30231
48885;30231
55038;30231
61810;30231
49678;30231
55422;30231
63439;30231
57107;30231
48174;30231
60885;30231
59728;30231
63305;30231
53791;30309
67015;30309
57435;30309
63864;30309
52786;30309
56770;30309
49026;30309
54391;30309
55196;30309
52379;30309
56989;30309
62414;30309
48003;30309
54894;30309
67136;30309
51803;30309
59071;30309
62778;30309
43748;30309
51728;30309
49205;30309
56889;30309
39746;30309
48401;30309
53236;30309
61833;30309
60489;30309
49450;30309
69183;30309
51344;30309
44702;30309
47468;30309
53469;30309
46264;30309
57250;30309
50162;30309
54697;30309
57120;30309
49137;30309
52237;30309
48755;30309
46480;30309
56967;30309
59467;30309
59075;30309
50410;30309
52870;30309
65557;30309
54730;30309
56526;30309
62747;30309
55135;30309
43853;30309
63582;30309
56900;30309
47730;30309
43043;30309
53863;30309
49444;30309
61056;30309
61846;30309
45956;30309
56806;30309
50368;30309
47208;30309
48819;30309
67890;30309
57971;30309
61059;30309
60914;30309
50010;30309
48955;30309
51823;30309
55686;30309
48541;30309
52943;30309
59685;30309
55971;30309
57199;30309
56141;30309
48956;30309
47885;30309
49785;30309
66300;30309
38890;30309
56899;30309
49779;30309
62003;30309
45103;30309
62834;30309
49149;30309
56029;30309
57214;30309
71393;30309
58486;30309
50329;30309
55341;30309
61488;30309
58735;30309
57608;30309
44899;30309
63685;30309
48576;30309
45949;30309
46085;30309
56271;30309
61268;30309
55625;30309
51849;30309
51965;30309
56801;30309
62886;30309
46507;30309
52169;30309
45663;30309
44810;30309
48807;30309
63617;30309
55104;30309
46026;30313
57107;30313
50772;30313
47308;30313
49695;30313
48447;30313
54856;30313
56869;30313
45545;30313
55014;30313
55543;30313
51636;30313
54211;30313
56734;30313
45058;30313
44687;30313
36330;30313
54906;30313
33536;30313
53843;30313
46857;30313
49827;30313
55169;30313
54094;30313
43618;30313
51158;30313
51684;30313
47633;30313
57578;30313
52369;30313
50860;30313
58039;30313
51723;30313
50700;30313
52480;30313
45277;30313
50207;30313
55199;30313
56986;30313
48588;30313
47042;30313
57265;30313
53336;30313
54752;30313
44194;30313
45581;30313
56598;30313
60675;30313
52849;30313
51632;30313
52050;30313
54281;30313
53753;30313
51226;30313
54310;30313
47366;30313
43140;30368
42789;30368
42821;30368
46281;30368
43018;30368
46804;30368
47929;30368
44488;30368
46789;30368
45167;30368
51424;30368
58772;30368
50209;30368
52822;30368
51323;30368
50044;30368
49426;30368
43895;30368
62008;30368
46296;30368
41982;30368
43382;30368
55682;30368
54833;30368
55831;30368
44965;30368
45240;30368
39542;30368
52479;30368
48066;30368
48647;30372
50238;30372
36531;30372
54197;30372
48607;30372
46833;30372
45008;30372
49793;30372
45113;30372
41906;30372
43400;30372
52406;30372
38946;30372
44118;30372
35665;30372
43492;30372
46251;30372
51444;30372
49970;30372
40939;30372
44523;30372
42954;30372
41961;30372
39833;30372
40977;30372
46951;30372
49666;30372
39906;30372
40370;30372
36672;30424
56079;30424
37062;30424
49714;30424
44886;30424
47204;30424
40499;30424
52033;30424
42507;30424
50949;30424
38042;30424
48643;30424
47440;30424
44970;30424
40022;30424
47312;30424
41792;30424
46882;30424
48483;30424
44204;30424
48262;30424
43810;30424
36268;30499
45358;30499
31350;30499
53205;30499
50718;30499
44923;30499
44804;30499
56185;30499
52435;30499
46223;30499
43942;30499
40900;30499
41789;30499
49934;30499
42136;30499
41840;30499
47022;30499
48585;30499
47717;30499
42802;30499
46330;30499
50987;30499
52844;30499
40877;30499
53990;30499
47140;30499
39555;30499
49133;30499
53361;30499
42389;30499
56647;30499
49385;30499
43523;30499
37732;30499
47963;30499
51014;30499
55635;30499
43340;30499
44978;30499
47443;30499
60148;30499
48303;30499
54069;30499
49314;30502
35740;30502
42321;30502
37385;30502
46848;30502
47775;30502
51371;30502
43523;30502
47664;30502
42491;30502
52789;30502
54271;30502
50523;30502
49665;30502
42994;30502
50968;30502
50312;30502
47418;30502
45682;30502
62394;30502
52361;30502
46037;30502
56110;30518
58537;30518
40000;30518
55809;30518
44852;30518
48889;30518
47683;30518
50994;30518
53832;30518
55340;30518
45650;30518
58091;30518
62298;30518
59417;30518
67198;30518
55882;30518
54970;30518
51139;30518
48571;30518
53718;30518
55139;30518
51908;30518
58827;30518
49998;30518
40592;30518
53820;30518
59921;30518
62088;30518
56957;30518
55145;30518
40937;30518
53333;30518
60942;30518
48125;30518
53634;30518
58260;30518
59943;30518
48535;30518
52063;30518
38113;30518
49349;30518
61944;30518
53378;30518
54008;30518
58656;30518
39956;30518
50383;30518
61953;30518
47847;30518
55868;30518
51718;30518
69164;30518
44520;30518
65292;30518
52529;30518
62429;30518
48993;30518
45993;30518
55101;30518
50441;30518
55700;30518
48654;30518
50287;30518
52954;30518
51472;30518
64824;30518
53863;30518
57162;30518
56026;30518
54525;30518
47142;30518
41909;30518
60933;30518
49532;30518
52465;30518
63790;30518
69212;30518
48886;30518
55425;30518
59453;30518
43555;30518
49335;30518
47142;30518
61002;30518
49971;30518
56148;30518
61355;30518
57227;30518
49884;30518
54745;30518
63628;30518
54068;30518
39720;30518
59149;30518
55570;30518
47577;30518
57472;30518
42379;30518
45276;30518
63799;30518
63757;30518
48186;30518
49000;30518
55517;30518
51316;30518
46705;30518
54213;30518
62462;30518
55122;30518
58017;30518
52814;30522
52932;30522
50453;30522
46394;30522
43721;30522
45781;30522
56347;30522
56482;30522
47164;30522
60384;30522
45596;30522
58325;30522
51296;30522
49358;30522
47190;30522
60061;30522
52132;30522
41461;30522
47096;30522
55986;30522
56130;30522
56725;30522
48096;30522
52095;30522
49327;30522
39518;30522
45399;30522
50535;30522
56085;30522
48332;30522
46108;30522
48480;30522
42693;30522
61073;30522
37297;30522
39892;30522
46303;30522
55115;30522
54880;30522
51719;30522
58654;30522
52689;30522
48947;30522
61235;30522
36696;30522
43115;30522
60411;30522
53242;30522
49916;30522
58594;30522
49271;30522
50789;30522
51250;30522
48937;30522
60612;30522
51537;30522
42460;30522
38408;30522
55456;30522
44737;30522
46944;30522
59469;30522
50122;30522
39715;30522
45384;30522
55513;30522
50714;30522
57756;30522
45037;30522
45480;30522
58019;30522
42686;30522
43313;30522
53582;30522
57125;30522
47163;30522
48469;30522
46717;30577
51339;30577
65343;30577
49670;30577
48991;30577
48934;30577
40484;30577
42715;30577
47566;30577
38345;30577
44972;30577
56284;30577
35810;30577
42169;30577
51432;30577
46690;30577
47343;30577
44205;30577
46941;30577
51290;30577
51855;30577
46525;30577
53125;30577
53155;30577
38486;30577
40569;30577
59241;30577
45273;30577
53868;30581
46508;30581
47796;30581
40551;30581
37313;30581
51740;30581
49605;30581
42204;30581
49653;30581
47764;30581
40037;30581
47359;30581
33008;30581
50897;30581
47752;30581
45056;30581
41884;30629
49972;30629
49097;30629
50719;30629
47176;30629
47155;30629
36528;30629
38839;30629
52019;30629
38397;30629
39062;30629
46903;30629
48176;30629
45638;30629
45846;30629
58020;30629
49951;30629
45782;30629
50228;30629
50282;30629
42086;30629
48439;30629
51030;30629
51585;30629
47357;30629
42191;30629
36118;30629
56163;30629
46566;30629
49656;30629
51337;30629
60197;30629
51250;30629
39255;30633
48431;30633
39196;30633
47222;30633
51497;30633
38259;30633
50097;30633
52477;30633
41932;30633
40950;30633
46598;30633
43755;30633
38464;30633
47882;30633
48743;30633
45277;30633
44606;30633
40679;30633
49562;30633
51873;30633
37441;30633
40377;30633
46913;30633
47190;30633
40083;30633
44140;30633
49523;30638
56851;30638
50071;30638
50179;30638
52832;30638
45015;30638
60607;30638
52522;30638
54545;30638
48515;30638
42682;30638
35912;30638
63487;30638
56665;30638
52416;30638
56330;30638
52080;30638
50579;30638
45748;30638
50387;30638
45257;30638
49812;30638
43986;30638
55165;30638
48064;30638
51869;30638
59922;30638
44252;30638
59054;30638
52282;30638
43651;30638
59198;30638
49799;30638
48299;30638
54181;30638
42770;30711
42909;30711
42379;30711
48076;30711
52979;30711
55824;30711
43460;30711
47670;30711
44085;30711
51677;30711
43473;30711
36946;30711
46521;30711
47579;30711
49654;30711
48412;30711
41167;30711
40640;30711
45990;30711
52269;30711
49049;30711
54467;30711
44251;30711
52580;30711
50153;30716
44827;30716
52207;30716
61732;30716
50412;30716
60436;30716
55780;30716
53650;30716
55012;30716
56779;30716
48129;30716
60439;30716
56316;30716
56125;30716
58150;30716
59701;30716
48929;30716
39514;30716
40967;30716
58414;30716
59778;30716
49530;30716
46664;30716
59301;30716
55436;30716
48592;30716
42117;30716
53540;30716
61931;30716
40897;30716
45274;30716
52980;30716
64114;30716
47665;30716
53629;30716
61611;30716
46457;30716
42791;30716
57419;30716
55512;30716
53002;30716
50307;30716
56755;30716
59619;30716
63872;30716
44608;30716
46115;30716
67147;30768
61231;30768
47607;30768
41340;30768
59882;30768
57655;30768
48470;30768
48302;30768
57838;30768
55420;30768
41956;30768
52456;30768
50502;30768
51272;30768
51595;30768
61564;30768
51649;30768
53735;30768
48713;30768
59339;30768
52327;30768
49985;30768
58658;30768
49439;30768
58586;30768
52016;30768
50702;30768
48610;30768
58309;30768
53135;30768
56076;30768
50093;30768
53205;30768
55110;30768
55320;30768
46974;30772
52700;30772
37806;30772
43610;30772
42615;30772
48872;30772
45113;30772
53333;30772
55854;30772
47645;30772
47812;30772
43360;30772
50083;30772
43094;30772
49898;30772
43928;30772
42907;30772
42613;30772
41055;30772
55475;30827
47232;30827
45425;30827
47514;30827
37568;30827
48322;30827
42151;30827
45250;30827
41533;30827
38503;30831
49474;30831
40941;30831
39717;30831
47594;30847
46823;30847
49360;30847
48943;30847
43028;30847
45237;30847
50531;30847
49134;30847
52111;30847
42985;30847
54487;30847
46603;30847
60944;30847
41460;30847
40329;30847
53136;30847
45156;30847
44748;30847
61763;30847
47556;30847
49474;30847
47290;30847
44148;30847
47710;30847
49771;30847
44573;30847
48184;30847
48642;30847
44761;30847
54825;30847
42506;30847
47999;30847
55787;30847
53051;30847
42892;30847
46783;30847
46340;30847
47431;30909
39242;30909
55520;30909
39113;30909
57325;30925
47032;30925
46565;30925
47984;30925
49005;30925
65253;30925
59701;30925
52118;30925
55655;30925
56645;30925
63363;30925
49260;30925
52604;30925
42794;30925
52291;30925
65647;30925
52220;30925
47757;30925
52786;30925
49696;30925
52305;30925
69705;30925
40524;30925
61239;30925
48708;30925
48217;30925
58039;30925
49405;30925
54084;30925
49690;30925
65361;30925
58313;30925
47461;30925
42353;30925
55107;30925
51687;30925
45676;30925
58991;30925
44711;30925
47842;30929
52554;30929
63615;30929
46822;30929
44712;30929
47386;30929
52979;30929
50233;30929
46848;30929
44194;30929
48754;30929
49823;30929
50597;30977
47517;30977
53253;30977
45634;30977
55452;30977
45237;30977
57150;30977
49988;30977
55431;30977
47291;30977
54310;30977
46824;30977
51605;30977
63285;30977
66265;30977
47882;30977
65302;30977
41706;30977
57278;30977
51983;30977
54284;30977
60849;30977
50815;30977
64620;30977
48930;30977
43460;30977
58174;30977
56014;30977
56671;30977
48911;30977
44236;30977
41354;30977
53473;30977
55397;30981
46606;30981
46616;30981
52525;30981
49910;30981
48739;30981
50740;30981
50089;30981
52161;30981
56952;30981
47607;30981
52626;30981
55176;30981
51031;30981
52336;30981
47467;30981
49622;30981
43064;30981
53967;30981
47203;30981
47489;30981
47776;30981
52569;30981
47409;30981
60763;30981
52043;30981
45230;30981
49709;30981
41212;31036
45434;31036
46797;31036
35840;31036
43035;31036
38974;31036
46888;31059
42727;31059
53607;31059
47197;31059
47214;31059
47620;31059
42070;31059
51011;31059
49124;31059
50855;31059
55917;31059
54245;31059
52318;31059
39702;31059
54143;31059
53502;31059
56647;31059
61838;31059
44143;31059
57300;31059
55335;31059
51408;31059
53485;31059
48119;31118
44508;31118
50378;31118
46354;31118
47131;31175
45775;31175
44583;31175
55960;31175
42227;31175
41376;31175
64410;31175
48190;31175
44304;31175
58446;31175
60213;31175
44729;31179
49419;31179
45426;31179
52034;31179
52513;31179
37391;31179
44592;31179
44003;31257
40173;31257
45529;31257
43918;31257
43088;31384
51304;31384
56402;31384
36701;31384
55231;31384
52710;31384
40319;31384
41576;31384
36190;31384
41405;31384
50179;31384
39331;31384
51851;31384
45245;31384
58255;31388
47598;31388
52592;31388
47125;31388
52835;31388
44738;31388
50543;31388
55908;31388
47091;31388
51740;31466
53817;31466
57661;31466
44264;31466
43967;31466
40622;31466
44127;31466
54460;31466
51931;31466
49771;31466
42435;31466
59283;31893
42876;31893
57073;31893
50475;31893
53093;31893
49697;31893
59295;31893
42286;31893
44997;31893
54493;31893
63901;31893
46116;31893
57133;31893
41728;31893
45496;31893
41720;31893
48526;31893
47853;31893
59710;31893
48289;31893
48255;31893
48889;31893
59439;31893
53818;31893
47374;31893
48316;31893
52615;31893
54469;31893
49518;31893
56395;31893
61200;31893
44606;31893
48034;31893
61170;31893
57976;31893
41049;31893
47688;31893
53822;31893
63355;31893
48159;31893
47742;31893
53248;31893
58295;31893
56093;31893
50791;31893
50329;31893
52095;31893
47054;31893
49366;31893
47891;31893
44664;31893
57118;31893
53378;31893
48815;31893
59099;31893
47212;31893
61028;31893
44551;31893
53596;31893
45776;31893
55417;31893
59844;31893
48729;31893
50755;31893
53724;31893
48526;31893
44433;31893
58279;31893
54202;31893
49940;31893
55292;31893
41233;31893
52211;31893
46788;31893
47512;31893
62160;31893
44080;31893
40256;31893
47786;31893
37180;31893
59176;31893
63751;31893
40228;31893
54067;31893
55673;31893
49994;31893
59964;31893
42415;31893
60287;31893
64441;31893
54899;31893
45809;31893
55731;31893
52010;31893
55854;31893
46845;31893
51618;31893
49726;31893
51614;31893
49237;31897
35693;31897
51938;31897
55282;31897
47122;31897
48655;31897
53901;31897
46001;31897
48208;31897
50052;31897
57613;31897
40536;31897
39675;31897
47250;31897
49695;31897
45562;31897
45226;31897
59906;31897
51817;31897
48692;31897
39410;31897
45698;31897
56037;31897
53764;31897
52708;31897
50567;31897
50633;31897
45664;31897
39091;31897
43759;31897
44792;31897
43151;31897
52058;31897
47904;31897
50889;31897
55967;31897
40071;31897
43396;31897
48965;31897
46971;31897
55188;31897
56752;31897
54718;31897
47643;31897
47078;31897
48861;31897
45146;31897
48466;31897
45396;31897
44122;31897
54534;31897
50534;31897
47605;31897
43756;31897
50807;31897
47665;31897
57115;31897
51089;31897
47871;31897
47217;31897
42581;31897
53043;31897
49804;31897
54562;31897
48310;31897
52494;31975
39301;31975
48779;31975
54952;31975
45191;31975
52770;31975
53794;31975
56575;31975
45251;31975
53506;31975
42583;31975
53544;31975
47185;31975
66321;31975
49973;31975
47743;31975
49197;31975
49345;31975
57947;31975
50361;31975
40595;31975
45220;31975
50999;31975
47364;31975
49469;31975
44019;31975
44594;31975
49427;31975
39861;31975
49637;31975
57374;31975
52500;31975
45803;31975
54948;31975
56376;31975
47397;31975
48383;31975
57692;31975
42534;31975
60316;31975
59105;31975
46722;31975
56795;31975
49958;31975
43410;31975
43519;31975
48202;31975
51690;31975
49312;31975
47969;31975
44082;31975
46731;31975
59861;31975
45678;31975
56539;31975
46773;31975
50223;31975
40410;31975
56557;31975
39317;31975
51545;31975
41344;31975
44612;31975
55378;31975
55330;31975
46313;31975
53139;31975
51444;31975
49052;31975
54028;32102
52091;32102
44841;32102
58250;32102
51206;32102
49854;32102
48701;32102
40665;32102
61132;32102
49576;32102
44158;32102
50838;32102
48329;32102
60463;32102
51890;32102
53556;32102
56016;32102
53302;32102
44203;32102
44378;32102
51804;32102
45961;32102
44936;32102
50793;32102
47552;32102
51339;32102
44067;32102
55330;32102
40301;32102
43696;32102
52362;32102
52390;32102
48747;32102
53460;32102
56469;32102
49898;32102
53460;32102
41050;32102
47021;32102
50510;32102
53742;32102
61963;32102
56401;32102
44336;32102
42601;32102
49709;32102
51563;32102
49123;32102
50657;32102
43146;32102
56969;32102
45578;32102
40623;32102
61419;32102
43025;32102
61947;32102
56010;32102
42699;32102
45586;32102
47427;32102
47528;32102
61262;32102
54132;32102
51206;32102
60523;32102
39816;32102
48745;32102
47991;32102
52629;32102
53828;32102
49818;32102
51674;32102
51927;32102
56474;32102
57045;32102
54191;32102
47951;32102
54222;32102
57314;32102
38901;32102
62841;32102
49220;32102
52096;32102
50950;32102
49063;32102
57845;32102
56100;32102
49558;32102
66411;32102
52521;32102
54210;32102
55772;32102
43694;32102
53099;32102
58193;32102
46128;32102
40665;32102
54947;32102
57627;32102
52441;32102
48282;32102
52906;32102
56388;32102
56987;32102
56657;32102
48215;32102
56203;32102
46940;32102
45300;32102
50000;32106
46198;32106
47023;32106
52956;32106
56569;32106
48164;32106
43183;32106
47672;32106
47037;32106
56142;32106
45668;32106
42364;32106
47812;32106
42184;32106
51307;32106
41562;32106
47261;32106
48650;32106
49108;32106
59098;32106
51782;32106
43053;32106
48504;32106
54625;32106
42364;32106
45099;32106
46723;32106
46144;32106
47110;32106
48716;32106
49058;32106
45566;32106
55589;32106
39841;32106
44477;32106
44962;32106
49107;32106
42105;32106
46590;32106
45977;32106
50059;32106
52426;32106
38138;32106
49055;32106
42832;32106
54801;32106
49128;32106
53522;32106
61485;32106
51116;32106
48506;32106
48910;32106
55155;32106
57784;32106
44662;32106
53180;32106
44256;32106
48924;32184
56830;32184
57733;32184
45734;32184
52049;32184
53369;32184
50966;32184
63703;32184
50469;32184
61833;32184
41377;32184
46157;32184
53048;32184
50655;32184
50490;32184
53048;32184
44707;32184
61794;32184
53966;32184
53385;32184
53721;32184
56740;32184
58981;32184
54624;32184
55104;32184
53084;32184
43446;32184
37341;32184
50953;32184
43276;32184
46735;32184
60305;32184
45318;32184
49512;32184
44058;32184
48767;32184
47127;32184
51624;32184
46016;32184
57901;32184
62055;32184
59359;32184
56092;32184
57496;32184
52613;32184
45803;32184
49682;32184
50962;32184
50008;32184
48782;32184
51708;32184
41598;32184
46735;32184
47421;32184
53833;32184
39789;32184
49196;32184
54057;32184
65451;32184
52679;32184
46622;32184
42428;32184
51487;32184
56830;32184
51198;32184
61908;32184
47697;32184
47439;32184
38084;32184
42661;32184
61761;32184
36777;32184
59125;32184
41835;32184
46521;32184
49473;32184
60200;32184
47748;32184
53157;32184
43525;32184
56417;32184
38719;32241
54382;32241
62617;32241
58592;32241
55652;32241
55102;32241
54310;32241
55178;32241
54161;32241
52713;32241
49996;32241
51333;32241
51169;32241
57190;32241
59204;32241
56008;32241
59583;32241
52532;32241
51419;32241
47758;32241
65465;32241
55361;32241
57063;32241
66123;32241
63965;32241
61541;32241
48983;32241
53019;32241
64270;32241
65145;32241
62857;32241
46966;32241
58639;32241
62340;32241
54520;32241
56273;32241
59831;32241
56695;32241
54030;32241
58975;32241
55493;32241
58476;32241
51349;32241
42752;32241
59645;32241
52234;32241
55179;32241
41337;32241
59229;32241
57923;32241
67415;32241
48852;32241
47132;32241
45581;32241
62241;32241
52275;32241
56744;32241
51174;32241
46478;32241
36783;32241
56174;32241
40475;32241
55778;32241
50863;32241
53873;32241
51412;32241
49672;32241
53467;32241
57222;32241
63970;32241
56839;32241
53100;32241
53266;32241
63967;32241
67619;32241
54948;32241
58205;32241
52465;32241
55692;32241
45572;32241
66645;32241
53085;32241
53612;32241
52036;32241
50642;32241
57876;32241
64277;32241
60456;32241
52303;32241
54858;32241
53226;32241
59643;32241
58391;32241
54956;32241
58325;32241
54827;32241
53839;32241
42824;32241
49272;32241
54225;32241
52614;32241
52749;32241
66048;32241
51654;32241
60524;32241
57103;32241
59395;32241
51132;32241
53795;32241
41425;32241
64405;32241
47855;32241
56605;32241
53827;32241
58747;32241
65846;32241
48754;32241
53126;32241
51978;32241
51624;32241
51465;32241
58480;32241
60300;32241
62863;32241
66536;32241
59226;32241
63969;32241
64220;32241
55257;32241
48138;32241
42634;32241
52290;32241
50268;32241
59186;32241
57310;32241
57549;32241
46650;32245
56434;32245
44898;32245
50143;32245
54396;32245
52974;32245
48086;32245
57134;32245
54170;32245
44662;32245
56121;32245
51979;32245
41173;32245
44489;32245
49473;32245
44643;32245
61678;32245
55890;32245
55763;32245
60970;32245
55153;32245
57352;32245
57899;32245
50825;32245
54545;32245
47905;32245
51700;32245
60416;32245
61017;32245
50701;32245
43680;32245
44383;32245
53505;32245
54781;32245
50347;32245
51510;32245
53246;32245
57429;32245
48843;32245
55089;32245
59403;32245
56097;32245
62884;32245
56046;32245
49767;32245
49971;32245
56663;32245
47888;32245
50916;32245
45852;32245
50400;32245
53482;32245
47249;32245
54787;32245
56025;32245
49411;32245
47916;32245
54829;32245
59500;32245
41253;32245
51993;32245
56837;32245
50096;32245
47849;32245
52912;32245
52293;32245
47310;32245
47918;32245
55802;32245
46994;32245
51866;32245
51019;32245
53274;32245
51413;32245
51959;32304
55746;32304
41329;32304
41497;32304
49142;32304
40039;32304
51651;32304
44514;32304
51172;32304
45690;32304
41245;32304
57510;32304
54598;32304
42781;32304
48011;32304
48104;32304
39497;32304
49201;32304
51819;32304
49447;32304
53453;32304
49093;32304
50096;32323
49945;32323
61050;32323
56230;32323
56376;32323
54665;32323
47535;32323
60913;32323
61575;32323
62990;32323
50212;32323
63338;32323
50423;32323
43564;32323
60420;32323
49150;32323
56452;32323
52381;32323
59255;32323
56969;32323
49938;32323
57507;32323
46756;32323
60026;32323
53651;32323
63457;32323
62101;32323
56779;32323
41961;32323
44930;32323
48836;32323
62365;32323
60560;32323
50156;32323
55099;32323
61630;32323
53666;32323
53780;32323
49433;32323
64460;32323
41750;32323
56298;32323
58403;32323
52049;32323
67974;32323
54024;32323
60359;32323
52800;32323
60292;32323
61073;32323
58432;32323
43216;32323
50403;32323
62839;32323
51854;32323
55651;32323
56870;32323
62420;32323
54587;32323
53940;32323
55524;32323
49876;32323
63109;32323
63754;32323
63103;32323
59368;32323
57541;32323
42099;32323
62812;32323
52484;32323
58576;32323
58502;32323
58011;32323
54483;32382
49673;32382
35966;32382
49652;32382
50629;32382
55626;32382
48607;32382
46286;32382
47743;32382
47302;32382
38926;32382
55212;32382
47953;32382
49524;32382
51418;32382
46827;32382
43256;32382
50355;32382
48230;32382
47751;32382
43311;32382
54814;32434
43933;32434
49529;32434
48001;32434
38236;32434
50596;32434
47024;32434
53351;32434
44133;32434
42221;32434
55444;32434
46645;32434
52610;32434
45416;32434
49860;32434
52480;32434
47908;32434
43361;32434
52183;32434
48156;32434
39866;32434
50526;32434
59171;32454
59409;32454
39277;32454
57990;32454
45665;32454
51759;32454
46415;32454
54710;32454
46118;32454
54448;32454
50711;32454
53532;32454
51707;32454
49945;32454
59160;32454
54952;32454
58655;32454
52476;32454
49618;32454
39262;32454
47961;32454
47571;32454
51243;32454
58693;32454
56661;32454
52307;32454
60861;32454
51728;32454
51256;32454
59337;32454
59245;32454
54519;32454
49249;32454
53100;32454
42198;32454
58461;32454
45787;32454
57379;32454
50533;32454
44136;32454
53782;32454
52353;32454
46720;32454
50231;32454
58660;32454
56919;32454
63817;32454
55474;32454
50651;32454
44433;32454
53478;32454
44105;32454
60640;32454
40038;32454
54239;32454
60421;32454
54194;32454
55775;32454
45952;32454
51362;32454
51034;32454
55919;32454
51156;32454
62598;32454
54318;32454
49785;32509
55539;32509
48049;32509
48917;32509
53704;32509
47205;32509
44552;32509
54982;32509
45953;32509
50320;32509
51559;32509
53000;32509
48247;32509
42467;32509
55134;32509
47309;32509
49927;32509
48100;32509
52709;32509
63009;32509
59856;32509
46025;32509
51546;32509
52865;32509
51671;32509
51134;32509
53024;32509
41683;32509
49594;32509
45662;32509
51718;32509
52420;32509
49486;32509
53165;32509
58369;32509
46422;32509
54691;32509
51248;32509
48402;32513
42230;32513
53429;32513
43527;32513
49826;32513
51680;32513
52845;32513
43250;32513
48837;32513
54408;32513
44617;32513
52217;32513
45169;32513
47439;32513
52984;32513
50168;32513
45796;32513
40788;32513
56380;32513
45911;32513
42794;32513
44855;32513
56081;32532
52473;32532
54721;32532
59083;32532
65068;32532
62869;32532
49109;32532
55638;32532
44986;32532
47577;32532
42942;32532
59931;32532
57835;32532
52592;32532
48547;32532
64815;32532
44255;32532
50438;32532
57963;32532
52552;32532
55115;32532
53756;32532
52403;32532
59545;32532
59175;32532
48624;32532
58728;32532
50143;32532
59275;32532
55472;32532
49556;32532
50924;32532
53698;32532
53242;32532
59237;32532
55966;32532
61992;32532
63433;32532
51824;32532
55651;32532
54888;32532
49756;32532
65404;32532
50240;32532
53426;32532
61638;32532
53161;32532
50889;32532
51182;32532
46351;32532
47855;32532
54386;32532
62178;32532
51293;32532
48817;32532
58898;32532
43450;32532
55144;32532
59056;32532
55099;32532
39844;32591
46665;32591
48963;32591
55852;32591
45247;32591
44603;32591
49074;32591
41762;32591
45140;32591
51328;32591
54988;32591
44981;32591
39378;32591
53063;32591
36378;32591
41028;32591
53275;32591
48818;32591
45546;32591
49894;32591
43523;32591
56425;32591
43434;32591
56431;32591
41188;32591
46264;32591
51378;32591
56289;32591
50174;32591
54101;32591
38241;32591
46543;32591
45847;32643
47165;32643
47753;32643
38087;32643
44011;32643
44574;32643
59979;32643
49890;32643
52807;32643
43519;32643
50596;32643
53686;32643
46795;32643
49503;32643
52044;32643
53786;32643
53765;32643
45035;32648
43483;32648
45394;32648
39338;32648
47430;32648
65839;32648
54519;32648
56682;32648
48816;32648
49285;32648
59232;32648
48297;32648
57988;32648
39126;32648
47006;32648
58597;32648
53173;32648
53130;32648
66884;32648
52565;32648
55538;32652
42650;32652
52850;32652
57355;32652
53718;32652
50300;32652
49455;32652
52695;32652
47372;32652
57081;32652
52004;32652
44557;32652
50434;32652
48497;32652
49240;32652
59019;32652
50828;32652
47563;32652
52861;32652
60619;32652
49330;32652
63952;32782
50264;32782
47150;32782
55305;32782
52180;32782
60002;32782
48831;32782
62986;32782
59313;32782
57927;32782
55700;32782
56210;32782
60349;32782
53543;32782
57468;32782
49729;32782
50577;32782
57809;32782
38891;32841
46629;32841
40536;32841
45264;32841
42755;32841
37467;32841
38812;32841
50014;32841
43157;32841
63826;32857
53713;32857
36774;32857
47767;32857
56426;32857
55731;32857
60345;32857
53515;32857
44676;32857
54746;32857
48497;32857
44419;32857
51810;32857
58294;32857
55511;32857
61267;32857
52170;32857
57890;32857
66059;32857
56437;32857
51824;32857
48672;32857
61136;32857
67507;32857
57288;32857
53373;32857
60722;32857
42579;32857
43522;32857
52479;32857
55788;32857
57339;32857
46354;32857
57846;32857
57682;32857
55551;32857
48545;32857
45707;32857
47867;32857
46999;32857
59565;32857
57107;32857
61086;32857
52434;32857
57873;32857
53694;32861
51714;32861
54486;32861
50178;32861
55230;32861
57367;32861
45256;32861
48797;32861
50920;32861
46805;32861
51276;32861
58805;32861
57367;32861
55661;32861
53796;32861
50378;32861
59512;32861
50911;32861
53329;32861
44395;32861
55621;32861
49353;32861
51001;32939
59725;32939
64161;32939
59411;32939
48872;32939
57628;32939
50100;32939
48644;32939
57742;32939
44773;32939
53045;32939
61995;32939
56206;32939
44988;32939
51670;32939
52603;32939
54937;32939
47145;32939
54361;32939
53696;32939
48260;32939
58619;32939
48468;32939
54197;32939
52536;32939
47147;32991
52294;32991
50034;32991
45239;32991
58764;32991
54774;32991
53101;32991
56565;32991
52256;32991
57135;32991
53968;32991
48644;32991
52192;32991
65052;32991
50891;32991
53047;32991
56120;32991
44684;32991
45497;33189
49584;33189
45141;33189
52912;33189
46680;33189
52756;33189
46281;33189
51505;33398
54845;33398
41864;33398
56406;33398
53000;33398
54509;33398
53718;33398
49159;33398
53654;33398
51578;33907
51775;33907
48741;33907
63588;33907
57177;33907
46304;33907
57511;33907
54465;33907
58520;33907
51741;33907
56707;33907
53605;33907
48803;33907
59908;33907
53665;33907
55802;33907
43508;33907
52195;33907
50214;33907
53371;33907
43273;33907
52459;33907
50911;33907
50666;33907
44302;33907
47006;33907
53868;33907
51535;33907
46748;33907
53889;33907
56274;33907
49512;33907
52698;33907
53092;33907
43162;33907
52977;33907
54825;33907
47947;33907
59529;33907
46098;33907
53375;33907
54787;33907
49223;33907
44748;33907
48591;33907
51717;33907
51583;33907
55728;33907
50174;33907
47148;33907
60947;33907
59411;33907
53723;33907
58926;33907
48099;33907
60878;33907
53938;33907
43566;33907
56230;33907
57847;33907
50314;33907
46249;33907
53469;33907
46942;33907
59553;33907
52550;33907
44623;33907
51246;33907
59641;33907
53583;34116
50038;34116
63555;34116
47478;34116
62876;34116
54714;34116
44115;34116
53659;34116
49038;34116
56528;34116
54993;34116
39494;34116
40351;34116
57486;34116
40848;34116
51344;34116
50509;34116
54435;34116
47107;34116
51084;34116
56246;34116
48323;34116
53398;34116
54422;34116
53695;34116
60489;34116
51929;34116
55586;34116
59353;34116
58408;34116
47935;34116
46772;34116
49884;34116
47623;34116
56025;34116
49562;34116
51384;34116
47688;34116
44578;34116
47138;34116
51420;34116
49948;34116
46524;34116
49456;34116
50543;34116
50581;34116
52699;34116
60058;34116
53892;34116
51080;34116
52420;34116
59170;34116
52699;34116
53659;34116
53024;34116
59262;34116
48793;34116
46015;34116
47871;34116
54117;34116
48349;34116
51366;34116
55985;34116
48733;34116
50483;34116
48501;34116
55617;34116
54320;34255
51867;34255
53812;34255
55655;34255
58295;34255
59681;34255
57729;34255
55211;34255
49653;34255
55749;34255
59386;34255
49119;34255
47845;34255
54732;34255
56102;34255
55826;34255
40478;34255
54078;34255
63171;34255
57250;34255
47978;34255
54048;34255
54850;34255
63561;34255
58275;34255
47978;34255
46065;34255
65818;34255
56823;34255
52353;34255
58667;34255
59877;34255
50697;34255
60321;34255
58105;34255
61570;34255
60821;34255
53946;34255
49602;34255
62682;34255
60570;34255
59411;34255
60693;34255
46928;34255
56088;34255
61618;34255
56539;34255
60084;34255
46750;34255
43221;34255
57734;34255
69128;34255
43340;34255
58322;34255
56247;34255
54587;34255
59461;34255
64022;34255
52835;34255
45631;34255
56631;34255
50729;34255
52786;34255
55038;34255
48428;34255
54743;34255
57816;34255
55635;34255
48783;34255
41180;34255
54593;34314
49690;34314
48549;34314
54552;34314
53409;34314
48008;34314
52181;34314
53960;34314
44791;34314
53294;34314
58941;34314
51330;34314
45325;34314
43082;34314
54613;34314
52146;34314
51582;34314
38920;34314
46265;34314
40443;34314
50465;34314
51156;34464
49293;34464
59834;34464
58456;34464
60060;34464
62434;34464
63761;34464
45584;34464
51437;34464
47729;34464
50004;34464
55511;34464
53611;34464
56589;34464
49998;34464
53698;34464
57432;34464
58458;34464
63321;34464
50049;34464
53398;34464
59241;34464
52758;34464
56698;34464
55055;34464
51264;34464
54891;34464
52261;34464
57249;34464
47657;34464
54850;34464
48295;34464
58171;34464
49547;34464
55480;34464
55840;34464
65743;34464
62598;34464
59655;34464
63476;34464
53817;34464
51117;34464
44612;34464
55458;34464
52562;34464
64685;34464
65730;34464
61149;34464
60273;34464
51595;34464
50701;34464
49210;34464
64210;34464
67809;34464
49874;34464
61700;34464
61276;34464
63361;34464
46402;34464
59394;34464
65610;34464
55999;34464
60871;34464
52327;34464
52441;34464
67621;34464
52864;34464
53291;34464
60444;34523
44586;34523
52043;34523
45939;34523
46033;34523
52839;34523
52282;34523
58017;34523
46627;34523
48287;34523
55592;34523
49335;34523
39225;34523
46097;34523
43642;34523
57905;34523
40480;34523
54548;34523
53982;34523
49553;34662
56978;34662
46208;34662
59559;34662
58462;34662
53739;34662
49482;34662
61710;34662
47717;34662
46652;34662
54233;34662
59210;34662
45637;34662
47307;34662
48906;34662
50314;34662
50583;34662
67853;34662
49215;34662
55829;34662
63316;34662
56021;34662
56030;34662
58977;34662
48246;34662
48094;34662
61007;34662
61326;34662
58135;34662
46327;34871
44934;34871
66267;34871
57640;34871
68694;34871
59127;34871
47687;34871
59615;34871
56630;34871
48160;34871
53781;34871
63945;34871
51400;34871
56713;34871
46575;34871
58453;34871
60603;34871
49148;34871
56636;34871
62853;34871
54448;34871
43472;34871
65016;34871
47957;34871
rp_n80_p0.20_s2.txt;
rp_n80_p0.20_s2.txt;
rp_n80_p0.20_s2.txt;
rp_n80_p0.20_s2.txt;
rp_n80_p0.20_s2.txt;
